getAllApplications,2024-05-10T16:15:32.254887900
getPendingApplications,2024-05-10T16:15:32.310548700
getAllCourses,2024-05-10T16:23:00.296199
getQuestionsByQuizId,2024-05-10T16:23:00.348930600
getQuestionsByQuizId,2024-05-10T16:23:00.350883200
getAllQuizzes,2024-05-10T16:23:00.350883200
getAllQuestions,2024-05-10T16:23:00.353812800
getQuestionById,2024-05-10T16:23:00.357723
getQuestionById,2024-05-10T16:23:00.359673500
getQuestionById,2024-05-10T16:23:00.361626200
getQuestionsByAttemptId,2024-05-10T16:23:00.362602700
getAllQuizAttempts,2024-05-10T16:23:00.362602700
getUserCourses,2024-05-10T16:23:00.364554200
getUserCourses,2024-05-10T16:23:00.367484600
getAllUsers,2024-05-10T16:23:00.368460800
getAllApplications,2024-05-10T16:23:00.369437800
getPendingApplications,2024-05-10T16:23:00.421194200
getUserCourses,2024-05-10T16:23:00.424125300
getAllCourses,2024-05-22T10:57:02.923674500
getQuestionsByQuizId,2024-05-22T10:57:03.021673700
getQuestionsByQuizId,2024-05-22T10:57:03.025673500
getAllQuizzes,2024-05-22T10:57:03.026675500
getAllQuestions,2024-05-22T10:57:03.029675500
getQuestionById,2024-05-22T10:57:03.035674700
getQuestionById,2024-05-22T10:57:03.038673300
getQuestionById,2024-05-22T10:57:03.040678700
getQuestionsByAttemptId,2024-05-22T10:57:03.042681400
getAllQuizAttempts,2024-05-22T10:57:03.042681400
getUserCourses,2024-05-22T10:57:03.047677800
getUserCourses,2024-05-22T10:57:03.051673200
getAllUsers,2024-05-22T10:57:03.051673200
getAllApplications,2024-05-22T10:57:03.054679200
authenticateUser,2024-05-22T10:57:24.645488300
getUserCourses,2024-05-22T10:57:29.294815500
authenticateUser,2024-05-22T10:57:44.669899800
getUserCourses,2024-05-22T10:57:46.069880500
getAllCourses,2024-05-22T11:01:18.058641400
getQuestionsByQuizId,2024-05-22T11:01:18.164036700
getQuestionsByQuizId,2024-05-22T11:01:18.164036700
getAllQuizzes,2024-05-22T11:01:18.164036700
getAllQuestions,2024-05-22T11:01:18.172239500
getQuestionById,2024-05-22T11:01:18.180248800
getQuestionById,2024-05-22T11:01:18.180248800
getQuestionById,2024-05-22T11:01:18.188449500
getQuestionsByAttemptId,2024-05-22T11:01:18.188449500
getAllQuizAttempts,2024-05-22T11:01:18.188449500
getUserCourses,2024-05-22T11:01:18.188449500
getUserCourses,2024-05-22T11:01:18.196649400
getAllUsers,2024-05-22T11:01:18.196649400
getAllApplications,2024-05-22T11:01:18.196649400
registerUser,2024-05-22T11:01:31.196207500
getAllCourses,2024-05-22T11:02:03.217894300
getQuestionsByQuizId,2024-05-22T11:02:03.322832600
getQuestionsByQuizId,2024-05-22T11:02:03.330830
getAllQuizzes,2024-05-22T11:02:03.330830
getAllQuestions,2024-05-22T11:02:03.330830
getQuestionById,2024-05-22T11:02:03.338983400
getQuestionById,2024-05-22T11:02:03.346982900
getQuestionById,2024-05-22T11:02:03.346982900
getQuestionsByAttemptId,2024-05-22T11:02:03.346982900
getAllQuizAttempts,2024-05-22T11:02:03.346982900
getUserCourses,2024-05-22T11:02:03.355147600
getUserCourses,2024-05-22T11:02:03.355147600
getAllCourses,2024-05-22T11:02:17.147425700
getQuestionsByQuizId,2024-05-22T11:02:17.248259
getQuestionsByQuizId,2024-05-22T11:02:17.248259
getAllQuizzes,2024-05-22T11:02:17.248259
getAllQuestions,2024-05-22T11:02:17.256262100
getQuestionById,2024-05-22T11:02:17.256262100
getQuestionById,2024-05-22T11:02:17.267421700
getQuestionById,2024-05-22T11:02:17.267421700
getQuestionsByAttemptId,2024-05-22T11:02:17.267421700
getAllQuizAttempts,2024-05-22T11:02:17.267421700
getUserCourses,2024-05-22T11:02:17.275677200
getUserCourses,2024-05-22T11:02:17.275677200
getAllCourses,2024-05-22T11:02:33.056112500
getQuestionsByQuizId,2024-05-22T11:02:33.160950800
getQuestionsByQuizId,2024-05-22T11:02:33.161467
getAllQuizzes,2024-05-22T11:02:33.161467
getAllQuestions,2024-05-22T11:02:33.161467
getQuestionById,2024-05-22T11:02:33.169652600
getQuestionById,2024-05-22T11:02:33.177861900
getQuestionById,2024-05-22T11:02:33.177861900
getQuestionsByAttemptId,2024-05-22T11:02:33.177861900
getAllQuizAttempts,2024-05-22T11:02:33.177861900
getUserCourses,2024-05-22T11:02:33.185861700
getUserCourses,2024-05-22T11:02:33.185861700
getAllCourses,2024-05-22T11:11:21.508626
getQuestionsByQuizId,2024-05-22T11:11:21.632223800
getQuestionsByQuizId,2024-05-22T11:11:21.634746100
getAllQuizzes,2024-05-22T11:11:21.634746100
getAllQuestions,2024-05-22T11:11:21.642991200
getQuestionById,2024-05-22T11:11:21.642991200
getQuestionById,2024-05-22T11:11:21.651002900
getQuestionById,2024-05-22T11:11:21.651002900
getQuestionsByAttemptId,2024-05-22T11:11:21.658997500
getAllQuizAttempts,2024-05-22T11:11:21.658997500
getUserCourses,2024-05-22T11:11:21.658997500
getUserCourses,2024-05-22T11:11:21.667331700
getAllUsers,2024-05-22T11:11:21.667331700
getAllApplications,2024-05-22T11:11:21.667331700
authenticateUser,2024-05-22T11:11:30.803828300
getAllCourses,2024-05-22T11:13:31.653852300
getQuestionsByQuizId,2024-05-22T11:13:31.743870800
getQuestionsByQuizId,2024-05-22T11:13:31.751869900
getAllQuizzes,2024-05-22T11:13:31.751869900
getAllQuestions,2024-05-22T11:13:31.751869900
getQuestionById,2024-05-22T11:13:31.760090100
getQuestionById,2024-05-22T11:13:31.760090100
getQuestionById,2024-05-22T11:13:31.768343400
getQuestionsByAttemptId,2024-05-22T11:13:31.768343400
getAllQuizAttempts,2024-05-22T11:13:31.768343400
getUserCourses,2024-05-22T11:13:31.776353900
getUserCourses,2024-05-22T11:13:31.776353900
getAllUsers,2024-05-22T11:13:31.776353900
getAllApplications,2024-05-22T11:13:31.776353900
authenticateUser,2024-05-22T11:13:38.340731100
getQuestionsByQuizId,2024-05-22T11:13:41.814317100
getQuestionsByQuizId,2024-05-22T11:13:41.822534
getAllQuizzes,2024-05-22T11:13:41.822534
getUserCourses,2024-05-22T11:13:45.122201700
getPendingApplications,2024-05-22T11:13:46.916096500
authenticateUser,2024-05-22T11:14:03.896009600
getAllCourses,2024-05-25T14:45:38.080833300
getQuestionsByQuizId,2024-05-25T14:45:38.139832200
getQuestionsByQuizId,2024-05-25T14:45:38.141834500
getAllQuizzes,2024-05-25T14:45:38.141834500
getAllQuestions,2024-05-25T14:45:38.143833600
getQuestionById,2024-05-25T14:45:38.158832200
getQuestionById,2024-05-25T14:45:38.160832400
getQuestionById,2024-05-25T14:45:38.161833
getQuestionsByAttemptId,2024-05-25T14:45:38.162837700
getAllQuizAttempts,2024-05-25T14:45:38.162837700
getUserCourses,2024-05-25T14:45:38.179833
getUserCourses,2024-05-25T14:45:38.181833900
getAllUsers,2024-05-25T14:45:38.181833900
getAllApplications,2024-05-25T14:45:38.188832300
getAllCourses,2024-05-25T14:45:50.085083100
getQuestionsByQuizId,2024-05-25T14:45:50.130083400
getQuestionsByQuizId,2024-05-25T14:45:50.132083200
getAllQuizzes,2024-05-25T14:45:50.132083200
getAllQuestions,2024-05-25T14:45:50.134082900
getQuestionById,2024-05-25T14:45:50.137082300
getQuestionById,2024-05-25T14:45:50.139082
getQuestionById,2024-05-25T14:45:50.140082100
getQuestionsByAttemptId,2024-05-25T14:45:50.141082300
getAllQuizAttempts,2024-05-25T14:45:50.141082300
getUserCourses,2024-05-25T14:45:50.143082800
getUserCourses,2024-05-25T14:45:50.145082200
getAllUsers,2024-05-25T14:45:50.145082200
getAllApplications,2024-05-25T14:45:50.146083400
registerUser,2024-05-25T14:46:46.151283400
getAllCourses,2024-05-25T14:48:31.206904400
getQuestionsByQuizId,2024-05-25T14:48:31.252905500
getQuestionsByQuizId,2024-05-25T14:48:31.254903300
getAllQuizzes,2024-05-25T14:48:31.254903300
getAllQuestions,2024-05-25T14:48:31.256903200
getQuestionById,2024-05-25T14:48:31.258903100
getQuestionById,2024-05-25T14:48:31.260902900
getQuestionById,2024-05-25T14:48:31.260902900
getQuestionsByAttemptId,2024-05-25T14:48:31.261904
getAllQuizAttempts,2024-05-25T14:48:31.261904
getUserCourses,2024-05-25T14:48:31.263903300
getUserCourses,2024-05-25T14:48:31.265902600
getAllUsers,2024-05-25T14:48:31.265902600
getAllApplications,2024-05-25T14:48:31.266902700
registerUser,2024-05-25T14:48:34.646560900
addUser,2024-05-25T14:48:46.271054700
registerUser,2024-05-25T14:48:46.271054700
authenticateUser,2024-05-25T14:49:25.046610900
getUserCourses,2024-05-25T14:49:35.031776
getQuizzesByCourseId,2024-05-25T14:49:39.138062100
getQuizById,2024-05-25T14:50:23.587193900
getAllCourses,2024-05-25T14:51:21.119563800
getQuestionsByQuizId,2024-05-25T14:51:21.164561200
getQuestionsByQuizId,2024-05-25T14:51:21.166562500
getAllQuizzes,2024-05-25T14:51:21.166562500
getAllQuestions,2024-05-25T14:51:21.168561200
getQuestionById,2024-05-25T14:51:21.171561200
getQuestionById,2024-05-25T14:51:21.172561400
getQuestionById,2024-05-25T14:51:21.174563200
getQuestionsByAttemptId,2024-05-25T14:51:21.174563200
getAllQuizAttempts,2024-05-25T14:51:21.175562800
getUserCourses,2024-05-25T14:51:21.177563600
getUserCourses,2024-05-25T14:51:21.179563200
getUserCourses,2024-05-25T14:51:21.180563100
getAllUsers,2024-05-25T14:51:21.181561
getAllApplications,2024-05-25T14:51:21.182561300
getAllCourses,2024-05-25T14:51:32.964763900
getQuestionsByQuizId,2024-05-25T14:51:33.007764600
getQuestionsByQuizId,2024-05-25T14:51:33.009763300
getAllQuizzes,2024-05-25T14:51:33.009763300
getAllQuestions,2024-05-25T14:51:33.011763300
getQuestionById,2024-05-25T14:51:33.014763900
getQuestionById,2024-05-25T14:51:33.015764400
getQuestionById,2024-05-25T14:51:33.016765400
getQuestionsByAttemptId,2024-05-25T14:51:33.018763100
getAllQuizAttempts,2024-05-25T14:51:33.018763100
getUserCourses,2024-05-25T14:51:33.020763600
getUserCourses,2024-05-25T14:51:33.021764800
getUserCourses,2024-05-25T14:51:33.022765
getAllUsers,2024-05-25T14:51:33.022765
getAllApplications,2024-05-25T14:51:33.023765300
authenticateUser,2024-05-25T14:51:46.614676700
getQuizAttemptsByQuizId,2024-05-25T14:51:57.517257100
getUserCourses,2024-05-25T14:51:59.453457800
getQuizzesByCourseId,2024-05-25T14:52:04.129725200
getAllCourses,2024-05-25T14:52:36.599773200
getQuestionsByQuizId,2024-05-25T14:52:36.641773200
getQuestionsByQuizId,2024-05-25T14:52:36.643774100
getAllQuizzes,2024-05-25T14:52:36.643774100
getAllQuestions,2024-05-25T14:52:36.645775300
getQuestionById,2024-05-25T14:52:36.647773700
getQuestionById,2024-05-25T14:52:36.649774500
getQuestionById,2024-05-25T14:52:36.650774100
getQuestionsByAttemptId,2024-05-25T14:52:36.650774100
getAllQuizAttempts,2024-05-25T14:52:36.651775
getUserCourses,2024-05-25T14:52:36.652773500
getUserCourses,2024-05-25T14:52:36.654774500
getUserCourses,2024-05-25T14:52:36.655774700
getAllUsers,2024-05-25T14:52:36.655774700
getAllApplications,2024-05-25T14:52:36.657774600
authenticateUser,2024-05-25T14:52:44.332340
getUserCourses,2024-05-25T14:52:48.484377400
getQuizzesByCourseId,2024-05-25T14:52:52.183885500
getQuizById,2024-05-25T14:52:54.066619600
getAllCourses,2024-05-25T15:00:02.266235300
getQuestionsByQuizId,2024-05-25T15:00:02.311233100
getQuestionsByQuizId,2024-05-25T15:00:02.312232800
getAllQuizzes,2024-05-25T15:00:02.313233200
getAllQuestions,2024-05-25T15:00:02.315232200
getQuestionById,2024-05-25T15:00:02.317231800
getQuestionById,2024-05-25T15:00:02.319232400
getQuestionById,2024-05-25T15:00:02.320233300
getQuestionsByAttemptId,2024-05-25T15:00:02.321242
getAllQuizAttempts,2024-05-25T15:00:02.321242
getUserCourses,2024-05-25T15:00:02.323234900
getUserCourses,2024-05-25T15:00:02.325232500
getUserCourses,2024-05-25T15:00:02.326231700
getAllUsers,2024-05-25T15:00:02.326231700
getAllApplications,2024-05-25T15:00:02.327231900
authenticateUser,2024-05-25T15:00:08.434880700
getAllCourses,2024-05-25T15:02:06.299894600
getQuestionsByQuizId,2024-05-25T15:02:06.346892700
getQuestionsByQuizId,2024-05-25T15:02:06.348895200
getAllQuizzes,2024-05-25T15:02:06.348895200
getAllQuestions,2024-05-25T15:02:06.350892800
getQuestionById,2024-05-25T15:02:06.353895300
getQuestionById,2024-05-25T15:02:06.354894
getQuestionById,2024-05-25T15:02:06.356895400
getQuestionsByAttemptId,2024-05-25T15:02:06.357897700
getAllQuizAttempts,2024-05-25T15:02:06.357897700
getUserCourses,2024-05-25T15:02:06.360893400
getUserCourses,2024-05-25T15:02:06.361894800
getUserCourses,2024-05-25T15:02:06.362893700
getAllUsers,2024-05-25T15:02:06.362893700
getAllApplications,2024-05-25T15:02:06.363896100
authenticateUser,2024-05-25T15:02:12.626359100
getAllCourses,2024-05-25T15:02:14.800095800
getAllCourses,2024-05-25T15:03:06.239112
getQuestionsByQuizId,2024-05-25T15:03:06.284111100
getQuestionsByQuizId,2024-05-25T15:03:06.286111100
getAllQuizzes,2024-05-25T15:03:06.286111100
getAllQuestions,2024-05-25T15:03:06.288111900
getQuestionById,2024-05-25T15:03:06.291110400
getQuestionById,2024-05-25T15:03:06.292108400
getQuestionById,2024-05-25T15:03:06.293108700
getQuestionsByAttemptId,2024-05-25T15:03:06.294108400
getAllQuizAttempts,2024-05-25T15:03:06.294108400
getUserCourses,2024-05-25T15:03:06.297111400
getUserCourses,2024-05-25T15:03:06.298110700
getUserCourses,2024-05-25T15:03:06.299112500
getAllUsers,2024-05-25T15:03:06.299112500
getAllApplications,2024-05-25T15:03:06.301108500
authenticateUser,2024-05-25T15:03:14.481990300
getQuestionsByQuizId,2024-05-25T15:03:16.881441600
getQuestionsByQuizId,2024-05-25T15:03:16.882441200
getAllQuizzes,2024-05-25T15:03:16.882441200
getUserCourses,2024-05-25T15:03:35.654204800
getQuizzesByCourseId,2024-05-25T15:03:39.060113900
getAllCourses,2024-05-25T15:06:36.605639500
getQuestionsByQuizId,2024-05-25T15:06:36.651637800
getQuestionsByQuizId,2024-05-25T15:06:36.653640
getAllQuizzes,2024-05-25T15:06:36.653640
getAllQuestions,2024-05-25T15:06:36.656639200
getQuestionById,2024-05-25T15:06:36.659639100
getQuestionById,2024-05-25T15:06:36.660638600
getQuestionById,2024-05-25T15:06:36.661639300
getQuestionsByAttemptId,2024-05-25T15:06:36.662638500
getAllQuizAttempts,2024-05-25T15:06:36.662638500
getUserCourses,2024-05-25T15:06:36.665637800
getUserCourses,2024-05-25T15:06:36.666640200
getUserCourses,2024-05-25T15:06:36.667638900
getAllUsers,2024-05-25T15:06:36.667638900
getAllApplications,2024-05-25T15:06:36.668638900
authenticateUser,2024-05-25T15:06:42.445843700
authenticateUser,2024-05-25T15:06:51.692942700
getUserCourses,2024-05-25T15:06:54.425539800
getQuestionsByQuizId,2024-05-25T15:06:56.123040700
getQuizzesByCourseId,2024-05-25T15:06:56.123040700
getQuizById,2024-05-25T15:07:03.040591200
getAllCourses,2024-05-25T15:10:39.355052100
getQuestionsByQuizId,2024-05-25T15:10:39.400052500
getQuestionsByQuizId,2024-05-25T15:10:39.402051700
getAllQuizzes,2024-05-25T15:10:39.402051700
getAllQuestions,2024-05-25T15:10:39.404052500
getQuestionById,2024-05-25T15:10:39.407052100
getQuestionById,2024-05-25T15:10:39.409051800
getQuestionById,2024-05-25T15:10:39.410051700
getQuestionsByAttemptId,2024-05-25T15:10:39.412051900
getAllQuizAttempts,2024-05-25T15:10:39.412051900
getUserCourses,2024-05-25T15:10:39.414052400
getUserCourses,2024-05-25T15:10:39.416052100
getUserCourses,2024-05-25T15:10:39.417051500
getAllUsers,2024-05-25T15:10:39.417051500
getAllApplications,2024-05-25T15:10:39.418052700
authenticateUser,2024-05-25T15:10:50.673036200
getUserCourses,2024-05-25T15:10:52.782335900
getQuestionsByQuizId,2024-05-25T15:10:54.111406700
getQuizzesByCourseId,2024-05-25T15:10:54.112407600
getQuestionsByQuizId,2024-05-25T15:10:55.476937500
getQuizById,2024-05-25T15:10:55.476937500
getAllCourses,2024-05-25T15:15:53.141480800
getQuestionsByQuizId,2024-05-25T15:15:53.186478200
getQuestionsByQuizId,2024-05-25T15:15:53.188482
getAllQuizzes,2024-05-25T15:15:53.188482
getAllQuestions,2024-05-25T15:15:53.190480600
getQuestionById,2024-05-25T15:15:53.193478400
getQuestionById,2024-05-25T15:15:53.194479900
getQuestionById,2024-05-25T15:15:53.195478900
getQuestionsByAttemptId,2024-05-25T15:15:53.196479800
getAllQuizAttempts,2024-05-25T15:15:53.196479800
getUserCourses,2024-05-25T15:15:53.199479500
getUserCourses,2024-05-25T15:15:53.201481400
getUserCourses,2024-05-25T15:15:53.202482800
getAllUsers,2024-05-25T15:15:53.202482800
getAllApplications,2024-05-25T15:15:53.203478800
authenticateUser,2024-05-25T15:15:58.203584
getUserCourses,2024-05-25T15:16:00.029864
getQuestionsByQuizId,2024-05-25T15:16:01.033226500
getQuizzesByCourseId,2024-05-25T15:16:01.033226500
getQuestionsByQuizId,2024-05-25T15:16:01.955343100
getQuizById,2024-05-25T15:16:01.955343100
getAllCourses,2024-05-25T15:16:09.939329900
getQuestionsByQuizId,2024-05-25T15:16:09.983328300
getQuestionsByQuizId,2024-05-25T15:16:09.984327900
getAllQuizzes,2024-05-25T15:16:09.985328500
getAllQuestions,2024-05-25T15:16:09.987328800
getQuestionById,2024-05-25T15:16:09.989328600
getQuestionById,2024-05-25T15:16:09.990327300
getQuestionById,2024-05-25T15:16:09.991328100
getQuestionsByAttemptId,2024-05-25T15:16:09.992329800
getAllQuizAttempts,2024-05-25T15:16:09.992329800
getUserCourses,2024-05-25T15:16:09.994327400
getUserCourses,2024-05-25T15:16:09.996329
getUserCourses,2024-05-25T15:16:09.997328400
getAllUsers,2024-05-25T15:16:09.997328400
getAllApplications,2024-05-25T15:16:09.998326800
authenticateUser,2024-05-25T15:16:17.456447300
getUserCourses,2024-05-25T15:16:18.305807300
getQuestionsByQuizId,2024-05-25T15:16:19.585568500
getQuizzesByCourseId,2024-05-25T15:16:19.585568500
getQuestionsByQuizId,2024-05-25T15:16:21.470647600
getQuizById,2024-05-25T15:16:21.470647600
getAllCourses,2024-05-25T15:23:53.491813400
getQuestionsByQuizId,2024-05-25T15:23:53.538813300
getQuestionsByQuizId,2024-05-25T15:23:53.539813400
getAllQuizzes,2024-05-25T15:23:53.540814800
getAllQuestions,2024-05-25T15:23:53.541814400
getQuestionById,2024-05-25T15:23:53.544814400
getQuestionById,2024-05-25T15:23:53.545815900
getQuestionById,2024-05-25T15:23:53.546813500
getQuestionsByAttemptId,2024-05-25T15:23:53.547813700
getAllQuizAttempts,2024-05-25T15:23:53.547813700
getUserCourses,2024-05-25T15:23:53.550814700
getUserCourses,2024-05-25T15:23:53.552815100
getUserCourses,2024-05-25T15:23:53.553814400
getAllUsers,2024-05-25T15:23:53.553814400
getAllApplications,2024-05-25T15:23:53.554814300
authenticateUser,2024-05-25T15:24:04.672524300
getUserCourses,2024-05-25T15:24:05.716530300
getQuestionsByQuizId,2024-05-25T15:24:06.689917900
getQuizzesByCourseId,2024-05-25T15:24:06.689917900
getQuestionsByQuizId,2024-05-25T15:24:07.302754
getQuizById,2024-05-25T15:24:07.302754
addQuizAttempt,2024-05-25T15:24:07.313035600
getAllCourses,2024-05-25T15:25:17.492265800
getQuestionsByQuizId,2024-05-25T15:25:17.540265300
getQuestionsByQuizId,2024-05-25T15:25:17.541268300
getAllQuizzes,2024-05-25T15:25:17.542265800
getAllQuestions,2024-05-25T15:25:17.544265400
getQuestionById,2024-05-25T15:25:17.546265400
getQuestionById,2024-05-25T15:25:17.548267200
getQuestionById,2024-05-25T15:25:17.549265700
getQuestionsByAttemptId,2024-05-25T15:25:17.549265700
getQuestionsByAttemptId,2024-05-25T15:25:17.550267500
getAllQuizAttempts,2024-05-25T15:25:17.550267500
getUserCourses,2024-05-25T15:25:17.553267400
getUserCourses,2024-05-25T15:25:17.554266200
getUserCourses,2024-05-25T15:25:17.555266800
getAllUsers,2024-05-25T15:25:17.556267500
getAllApplications,2024-05-25T15:25:17.557266600
authenticateUser,2024-05-25T15:25:27.765567900
getQuizAttemptsByQuizId,2024-05-25T15:25:35.314820300
getUserCourses,2024-05-25T15:25:39.168767300
getQuestionsByQuizId,2024-05-25T15:25:43.359791800
getQuizzesByCourseId,2024-05-25T15:25:43.359791800
getQuestionsByQuizId,2024-05-25T15:25:44.170959200
getQuizById,2024-05-25T15:25:44.170959200
getAllCourses,2024-05-25T15:26:39.941773400
getQuestionsByQuizId,2024-05-25T15:26:39.985773100
getQuestionsByQuizId,2024-05-25T15:26:39.987773
getAllQuizzes,2024-05-25T15:26:39.987773
getAllQuestions,2024-05-25T15:26:39.989794500
getQuestionById,2024-05-25T15:26:39.991773500
getQuestionById,2024-05-25T15:26:39.993775100
getQuestionById,2024-05-25T15:26:39.994773800
getQuestionsByAttemptId,2024-05-25T15:26:39.995774600
getQuestionsByAttemptId,2024-05-25T15:26:39.996775800
getAllQuizAttempts,2024-05-25T15:26:39.996775800
getUserCourses,2024-05-25T15:26:39.998773200
getUserCourses,2024-05-25T15:26:39.999773900
getUserCourses,2024-05-25T15:26:40.000774200
getAllUsers,2024-05-25T15:26:40.000774200
getAllApplications,2024-05-25T15:26:40.001774300
authenticateUser,2024-05-25T15:26:45.519436
getUserCourses,2024-05-25T15:26:46.761697600
getQuestionsByQuizId,2024-05-25T15:26:47.604003600
getQuizzesByCourseId,2024-05-25T15:26:47.604003600
getQuestionsByQuizId,2024-05-25T15:26:49.083445200
getQuizById,2024-05-25T15:26:49.083445200
getAllCourses,2024-05-25T15:28:33.158577200
getQuestionsByQuizId,2024-05-25T15:28:33.206576800
getQuestionsByQuizId,2024-05-25T15:28:33.208577
getAllQuizzes,2024-05-25T15:28:33.208577
getAllQuestions,2024-05-25T15:28:33.210578600
getQuestionById,2024-05-25T15:28:33.213579400
getQuestionById,2024-05-25T15:28:33.214578600
getQuestionById,2024-05-25T15:28:33.215577800
getQuestionsByAttemptId,2024-05-25T15:28:33.216577200
getQuestionsByAttemptId,2024-05-25T15:28:33.216577200
getQuestionsByAttemptId,2024-05-25T15:28:33.217577600
getAllQuizAttempts,2024-05-25T15:28:33.218578300
getUserCourses,2024-05-25T15:28:33.219578800
getUserCourses,2024-05-25T15:28:33.221574500
getUserCourses,2024-05-25T15:28:33.222575800
getAllUsers,2024-05-25T15:28:33.222575800
getAllApplications,2024-05-25T15:28:33.224579
authenticateUser,2024-05-25T15:28:39.185474400
getUserCourses,2024-05-25T15:28:40.307472
getQuestionsByQuizId,2024-05-25T15:28:41.410629800
getQuizzesByCourseId,2024-05-25T15:28:41.411629500
getQuestionsByQuizId,2024-05-25T15:28:42.387870700
getQuizById,2024-05-25T15:28:42.387870700
getQuizAttemptsByQuizId,2024-05-25T15:28:59.121725100
getAllCourses,2024-05-25T15:35:38.961572600
getQuestionsByQuizId,2024-05-25T15:35:39.005571900
getQuestionsByQuizId,2024-05-25T15:35:39.007572500
getAllQuizzes,2024-05-25T15:35:39.008571600
getAllQuestions,2024-05-25T15:35:39.010571500
getQuestionById,2024-05-25T15:35:39.013571400
getQuestionById,2024-05-25T15:35:39.014572900
getQuestionById,2024-05-25T15:35:39.015572500
getQuestionsByAttemptId,2024-05-25T15:35:39.016571600
getQuestionsByAttemptId,2024-05-25T15:35:39.017572200
getQuestionsByAttemptId,2024-05-25T15:35:39.017572200
getQuestionsByAttemptId,2024-05-25T15:35:39.018572
getAllQuizAttempts,2024-05-25T15:35:39.019573400
getUserCourses,2024-05-25T15:35:39.020573300
getUserCourses,2024-05-25T15:35:39.022572700
getUserCourses,2024-05-25T15:35:39.023573
getAllUsers,2024-05-25T15:35:39.023573
getAllApplications,2024-05-25T15:35:39.024572200
authenticateUser,2024-05-25T15:35:47.734657200
getUserCourses,2024-05-25T15:35:49.160949700
getQuestionsByQuizId,2024-05-25T15:35:49.975845
getQuizzesByCourseId,2024-05-25T15:35:49.975845
getQuestionsByQuizId,2024-05-25T15:35:51.674358200
getQuizById,2024-05-25T15:35:51.674358200
getAllCourses,2024-05-25T15:40:56.917828
getQuestionsByQuizId,2024-05-25T15:40:56.960828600
getQuestionsByQuizId,2024-05-25T15:40:56.962828700
getAllQuizzes,2024-05-25T15:40:56.963828200
getAllQuestions,2024-05-25T15:40:56.965828700
getQuestionById,2024-05-25T15:40:56.967829300
getQuestionById,2024-05-25T15:40:56.969831100
getQuestionById,2024-05-25T15:40:56.970828200
getQuestionsByAttemptId,2024-05-25T15:40:56.971832300
getQuestionsByAttemptId,2024-05-25T15:40:56.972828900
getQuestionsByAttemptId,2024-05-25T15:40:56.973828100
getQuestionsByAttemptId,2024-05-25T15:40:56.973828100
getQuestionsByAttemptId,2024-05-25T15:40:56.974829400
getAllQuizAttempts,2024-05-25T15:40:56.975830100
getUserCourses,2024-05-25T15:40:56.977829
getUserCourses,2024-05-25T15:40:56.978828600
getUserCourses,2024-05-25T15:40:56.979828300
getAllUsers,2024-05-25T15:40:56.979828300
getAllApplications,2024-05-25T15:40:56.981829200
authenticateUser,2024-05-25T15:41:05.424742900
getUserCourses,2024-05-25T15:41:06.366860400
getQuestionsByQuizId,2024-05-25T15:41:07.106101300
getQuizzesByCourseId,2024-05-25T15:41:07.107101300
getQuestionsByQuizId,2024-05-25T15:41:07.419187800
getQuizById,2024-05-25T15:41:07.419187800
getAllCourses,2024-05-25T15:49:31.435487400
getQuestionsByQuizId,2024-05-25T15:49:31.482484700
getQuestionsByQuizId,2024-05-25T15:49:31.484484800
getAllQuizzes,2024-05-25T15:49:31.485485
getAllQuestions,2024-05-25T15:49:31.487484200
getQuestionById,2024-05-25T15:49:31.489483900
getQuestionById,2024-05-25T15:49:31.491484800
getQuestionById,2024-05-25T15:49:31.492485700
getQuestionsByAttemptId,2024-05-25T15:49:31.493487600
getQuestionsByAttemptId,2024-05-25T15:49:31.495485500
getQuestionsByAttemptId,2024-05-25T15:49:31.496484900
getQuestionsByAttemptId,2024-05-25T15:49:31.497484400
getQuestionsByAttemptId,2024-05-25T15:49:31.498485300
getQuestionsByAttemptId,2024-05-25T15:49:31.499485800
getAllQuizAttempts,2024-05-25T15:49:31.499485800
getUserCourses,2024-05-25T15:49:31.501486200
getUserCourses,2024-05-25T15:49:31.502485
getUserCourses,2024-05-25T15:49:31.503484800
getAllUsers,2024-05-25T15:49:31.503484800
getAllApplications,2024-05-25T15:49:31.505485100
authenticateUser,2024-05-25T15:49:37.157339800
getUserCourses,2024-05-25T15:49:38.866640300
getQuestionsByQuizId,2024-05-25T15:49:39.520348600
getQuizzesByCourseId,2024-05-25T15:49:39.520348600
getQuestionsByQuizId,2024-05-25T15:49:39.866994400
getQuizById,2024-05-25T15:49:39.866994400
addQuizAttempt,2024-05-25T15:49:42.972526800
getQuizAttemptsByQuizId,2024-05-25T15:49:46.188409500
getAllCourses,2024-05-25T15:54:03.852034400
getQuestionsByQuizId,2024-05-25T15:54:03.898033
getQuestionsByQuizId,2024-05-25T15:54:03.899032200
getAllQuizzes,2024-05-25T15:54:03.900031900
getAllQuestions,2024-05-25T15:54:03.901035600
getQuestionById,2024-05-25T15:54:03.904032
getQuestionById,2024-05-25T15:54:03.906034
getQuestionById,2024-05-25T15:54:03.907035100
getQuestionsByAttemptId,2024-05-25T15:54:03.908032100
getQuestionsByAttemptId,2024-05-25T15:54:03.909031600
getQuestionsByAttemptId,2024-05-25T15:54:03.910031900
getQuestionsByAttemptId,2024-05-25T15:54:03.910031900
getQuestionsByAttemptId,2024-05-25T15:54:03.911033700
getQuestionsByAttemptId,2024-05-25T15:54:03.912033
getQuestionById,2024-05-25T15:54:03.913031300
getQuestionById,2024-05-25T15:54:03.914031700
getQuestionById,2024-05-25T15:54:03.914031700
getQuestionsByAttemptId,2024-05-25T15:54:03.915031900
getAllQuizAttempts,2024-05-25T15:54:03.915031900
getUserCourses,2024-05-25T15:54:03.917032700
getUserCourses,2024-05-25T15:54:03.918031600
getUserCourses,2024-05-25T15:54:03.919033900
getAllUsers,2024-05-25T15:54:03.919033900
getAllApplications,2024-05-25T15:54:03.920031600
authenticateUser,2024-05-25T15:54:11.552036400
getQuizAttemptsByQuizId,2024-05-25T15:54:12.603344800
getQuizAttemptsByQuizId,2024-05-25T15:54:14.391049100
getAllCourses,2024-05-25T15:54:16.490891300
getQuestionsByQuizId,2024-05-25T15:54:18.006438400
getQuestionsByQuizId,2024-05-25T15:54:18.007438600
getAllQuizzes,2024-05-25T15:54:18.007438600
getQuizAttemptsByQuizId,2024-05-25T15:54:21.316652500
getAllCourses,2024-05-25T15:54:53.018670300
getQuestionsByQuizId,2024-05-25T15:54:53.061669300
getQuestionsByQuizId,2024-05-25T15:54:53.063669700
getAllQuizzes,2024-05-25T15:54:53.063669700
getAllQuestions,2024-05-25T15:54:53.065669600
getQuestionById,2024-05-25T15:54:53.068667900
getQuestionById,2024-05-25T15:54:53.069668700
getQuestionById,2024-05-25T15:54:53.070671500
getQuestionsByAttemptId,2024-05-25T15:54:53.071669800
getQuestionsByAttemptId,2024-05-25T15:54:53.072669800
getQuestionsByAttemptId,2024-05-25T15:54:53.073668800
getQuestionsByAttemptId,2024-05-25T15:54:53.074668900
getQuestionsByAttemptId,2024-05-25T15:54:53.074668900
getQuestionsByAttemptId,2024-05-25T15:54:53.075669700
getQuestionById,2024-05-25T15:54:53.076669900
getQuestionById,2024-05-25T15:54:53.077669800
getQuestionById,2024-05-25T15:54:53.078668500
getQuestionsByAttemptId,2024-05-25T15:54:53.079668400
getAllQuizAttempts,2024-05-25T15:54:53.079668400
getUserCourses,2024-05-25T15:54:53.081668300
getUserCourses,2024-05-25T15:54:53.082668300
getUserCourses,2024-05-25T15:54:53.083669300
getAllUsers,2024-05-25T15:54:53.083669300
getAllApplications,2024-05-25T15:54:53.084669600
authenticateUser,2024-05-25T15:54:59.198478900
getQuizAttemptsByQuizId,2024-05-25T15:55:00.280867300
getQuizAttemptsByQuizId,2024-05-25T15:55:07.363090100
getAllCourses,2024-05-25T15:56:17.292210400
getQuestionsByQuizId,2024-05-25T15:56:17.338808600
getQuestionsByQuizId,2024-05-25T15:56:17.339811100
getAllQuizzes,2024-05-25T15:56:17.340809500
getAllQuestions,2024-05-25T15:56:17.341809700
getQuestionById,2024-05-25T15:56:17.344810800
getQuestionById,2024-05-25T15:56:17.346810100
getQuestionById,2024-05-25T15:56:17.347809600
getQuestionsByAttemptId,2024-05-25T15:56:17.348812200
getQuestionsByAttemptId,2024-05-25T15:56:17.349810200
getQuestionsByAttemptId,2024-05-25T15:56:17.350810200
getQuestionsByAttemptId,2024-05-25T15:56:17.351813
getQuestionsByAttemptId,2024-05-25T15:56:17.353810400
getQuestionsByAttemptId,2024-05-25T15:56:17.353810400
getQuestionById,2024-05-25T15:56:17.354810600
getQuestionById,2024-05-25T15:56:17.355809500
getQuestionById,2024-05-25T15:56:17.356810
getQuestionsByAttemptId,2024-05-25T15:56:17.357810300
getAllQuizAttempts,2024-05-25T15:56:17.357810300
getUserCourses,2024-05-25T15:56:17.359809200
getUserCourses,2024-05-25T15:56:17.360810200
getUserCourses,2024-05-25T15:56:17.361811500
getAllUsers,2024-05-25T15:56:17.361811500
getAllApplications,2024-05-25T15:56:17.362810600
authenticateUser,2024-05-25T15:56:26.772272
getUserCourses,2024-05-25T15:56:27.839034200
getQuestionsByQuizId,2024-05-25T15:56:28.920206500
getQuizzesByCourseId,2024-05-25T15:56:28.921207700
getQuestionsByQuizId,2024-05-25T15:56:29.294192600
getQuizById,2024-05-25T15:56:29.294192600
addQuizAttempt,2024-05-25T15:56:34.533831
getQuizAttemptsByUserId,2024-05-25T15:56:36.457542300
getAllCourses,2024-05-25T15:58:43.017970500
getQuestionsByQuizId,2024-05-25T15:58:43.061964700
getQuestionsByQuizId,2024-05-25T15:58:43.063967200
getAllQuizzes,2024-05-25T15:58:43.063967200
getAllQuestions,2024-05-25T15:58:43.065966
getQuestionById,2024-05-25T15:58:43.068967900
getQuestionById,2024-05-25T15:58:43.070964700
getQuestionById,2024-05-25T15:58:43.070964700
getQuestionsByAttemptId,2024-05-25T15:58:43.071966400
getQuestionsByAttemptId,2024-05-25T15:58:43.072966500
getQuestionsByAttemptId,2024-05-25T15:58:43.073965500
getQuestionsByAttemptId,2024-05-25T15:58:43.074966900
getQuestionsByAttemptId,2024-05-25T15:58:43.074966900
getQuestionsByAttemptId,2024-05-25T15:58:43.075965800
getQuestionById,2024-05-25T15:58:43.076967900
getQuestionById,2024-05-25T15:58:43.077966200
getQuestionById,2024-05-25T15:58:43.078965200
getQuestionsByAttemptId,2024-05-25T15:58:43.079966200
getQuestionById,2024-05-25T15:58:43.080966
getQuestionById,2024-05-25T15:58:43.081966400
getQuestionById,2024-05-25T15:58:43.082965900
getQuestionsByAttemptId,2024-05-25T15:58:43.082965900
getAllQuizAttempts,2024-05-25T15:58:43.082965900
getUserCourses,2024-05-25T15:58:43.084968100
getUserCourses,2024-05-25T15:58:43.085965900
getUserCourses,2024-05-25T15:58:43.086966600
getAllUsers,2024-05-25T15:58:43.086966600
getAllApplications,2024-05-25T15:58:43.087965600
authenticateUser,2024-05-25T15:58:51.317434100
getUserCourses,2024-05-25T15:58:52.430832800
getQuestionsByQuizId,2024-05-25T15:58:53.522576900
getQuizzesByCourseId,2024-05-25T15:58:53.522576900
getQuestionsByQuizId,2024-05-25T15:58:53.871708700
getQuizById,2024-05-25T15:58:53.871708700
addQuizAttempt,2024-05-25T15:58:58.402549700
getQuestionsByAttemptId,2024-05-25T15:58:59.583515
getQuestionsByAttemptId,2024-05-25T15:58:59.584517200
getQuestionsByAttemptId,2024-05-25T15:58:59.585516600
getQuestionsByAttemptId,2024-05-25T15:58:59.585516600
getQuestionsByAttemptId,2024-05-25T15:58:59.586517300
getQuestionById,2024-05-25T15:58:59.587517700
getQuestionById,2024-05-25T15:58:59.588516700
getQuestionById,2024-05-25T15:58:59.589517100
getQuestionsByAttemptId,2024-05-25T15:58:59.590517600
getQuestionById,2024-05-25T15:58:59.590517600
getQuestionById,2024-05-25T15:58:59.591515800
getQuestionById,2024-05-25T15:58:59.592512900
getQuestionsByAttemptId,2024-05-25T15:58:59.593517400
getQuestionById,2024-05-25T15:58:59.594517
getQuestionById,2024-05-25T15:58:59.595516500
getQuestionById,2024-05-25T15:58:59.596517500
getQuestionsByAttemptId,2024-05-25T15:58:59.596517500
getQuizAttemptsByUserId,2024-05-25T15:58:59.597517300
getQuestionsByAttemptId,2024-05-25T15:59:56.440536
getQuestionsByAttemptId,2024-05-25T15:59:56.441536700
getQuestionsByAttemptId,2024-05-25T15:59:56.442536700
getQuestionsByAttemptId,2024-05-25T15:59:56.443536700
getQuestionsByAttemptId,2024-05-25T15:59:56.443536700
getQuestionById,2024-05-25T15:59:56.444537
getQuestionById,2024-05-25T15:59:56.445537100
getQuestionById,2024-05-25T15:59:56.446536900
getQuestionsByAttemptId,2024-05-25T15:59:56.447535800
getQuestionById,2024-05-25T15:59:56.448537200
getQuestionById,2024-05-25T15:59:56.449536900
getQuestionById,2024-05-25T15:59:56.449536900
getQuestionsByAttemptId,2024-05-25T15:59:56.450538500
getQuestionById,2024-05-25T15:59:56.451536600
getQuestionById,2024-05-25T15:59:56.452538
getQuestionById,2024-05-25T15:59:56.453537800
getQuestionsByAttemptId,2024-05-25T15:59:56.459537200
getQuizAttemptsByUserId,2024-05-25T15:59:56.459537200
getAllCourses,2024-05-25T16:33:57.997860800
getQuestionsByQuizId,2024-05-25T16:33:58.042859600
getQuestionsByQuizId,2024-05-25T16:33:58.044859400
getAllQuizzes,2024-05-25T16:33:58.044859400
getAllQuestions,2024-05-25T16:33:58.046860600
getQuestionById,2024-05-25T16:33:58.049861200
getQuestionById,2024-05-25T16:33:58.051860400
getQuestionById,2024-05-25T16:33:58.052860100
getQuestionsByAttemptId,2024-05-25T16:33:58.053860100
getQuestionsByAttemptId,2024-05-25T16:33:58.053860100
getQuestionsByAttemptId,2024-05-25T16:33:58.054860300
getQuestionsByAttemptId,2024-05-25T16:33:58.055859900
getQuestionsByAttemptId,2024-05-25T16:33:58.056859700
getQuestionsByAttemptId,2024-05-25T16:33:58.056859700
getQuestionById,2024-05-25T16:33:58.057859500
getQuestionById,2024-05-25T16:33:58.058859900
getQuestionById,2024-05-25T16:33:58.059861100
getQuestionsByAttemptId,2024-05-25T16:33:58.060860
getQuestionById,2024-05-25T16:33:58.060860
getQuestionById,2024-05-25T16:33:58.061860100
getQuestionById,2024-05-25T16:33:58.062862700
getQuestionsByAttemptId,2024-05-25T16:33:58.063861400
getQuestionById,2024-05-25T16:33:58.064861500
getQuestionById,2024-05-25T16:33:58.065860
getQuestionById,2024-05-25T16:33:58.066859800
getQuestionsByAttemptId,2024-05-25T16:33:58.066859800
getAllQuizAttempts,2024-05-25T16:33:58.066859800
getUserCourses,2024-05-25T16:33:58.068860200
getUserCourses,2024-05-25T16:33:58.069859700
getUserCourses,2024-05-25T16:33:58.070859500
getAllUsers,2024-05-25T16:33:58.070859500
getAllApplications,2024-05-25T16:33:58.071861100
registerUser,2024-05-25T16:34:07.117791300
authenticateUser,2024-05-25T16:34:18.450782200
getAllCourses,2024-05-25T16:50:36.249260500
getQuestionsByQuizId,2024-05-25T16:50:36.294260100
getQuestionsByQuizId,2024-05-25T16:50:36.296261
getAllQuizzes,2024-05-25T16:50:36.296261
getAllQuestions,2024-05-25T16:50:36.298261600
getQuestionById,2024-05-25T16:50:36.301257400
getQuestionById,2024-05-25T16:50:36.303260800
getQuestionById,2024-05-25T16:50:36.304260400
getQuestionsByAttemptId,2024-05-25T16:50:36.305259900
getQuestionsByAttemptId,2024-05-25T16:50:36.306258900
getQuestionsByAttemptId,2024-05-25T16:50:36.307260200
getQuestionsByAttemptId,2024-05-25T16:50:36.307260200
getQuestionsByAttemptId,2024-05-25T16:50:36.308258
getQuestionsByAttemptId,2024-05-25T16:50:36.309261400
getQuestionById,2024-05-25T16:50:36.310260
getQuestionById,2024-05-25T16:50:36.311261200
getQuestionById,2024-05-25T16:50:36.311261200
getQuestionsByAttemptId,2024-05-25T16:50:36.312261700
getQuestionById,2024-05-25T16:50:36.314261700
getQuestionById,2024-05-25T16:50:36.315262
getQuestionById,2024-05-25T16:50:36.316258400
getQuestionsByAttemptId,2024-05-25T16:50:36.317261300
getQuestionById,2024-05-25T16:50:36.318260700
getQuestionById,2024-05-25T16:50:36.318260700
getQuestionById,2024-05-25T16:50:36.319259900
getQuestionsByAttemptId,2024-05-25T16:50:36.320260100
getAllQuizAttempts,2024-05-25T16:50:36.320260100
getUserCourses,2024-05-25T16:50:36.322261800
getUserCourses,2024-05-25T16:50:36.323260400
getUserCourses,2024-05-25T16:50:36.324261
getAllUsers,2024-05-25T16:50:36.324261
getAllApplications,2024-05-25T16:50:36.325261700
authenticateUser,2024-05-25T16:50:42.759658
registerUser,2024-05-25T16:50:48.873683800
getAllCourses,2024-05-25T17:00:12.031044500
getQuestionsByQuizId,2024-05-25T17:00:12.073042400
getQuestionsByQuizId,2024-05-25T17:00:12.075041600
getAllQuizzes,2024-05-25T17:00:12.076041700
getAllQuestions,2024-05-25T17:00:12.078040600
getQuestionById,2024-05-25T17:00:12.080040600
getQuestionById,2024-05-25T17:00:12.082041
getQuestionById,2024-05-25T17:00:12.083041800
getQuestionsByAttemptId,2024-05-25T17:00:12.084042900
getQuestionsByAttemptId,2024-05-25T17:00:12.085041800
getQuestionsByAttemptId,2024-05-25T17:00:12.086041
getQuestionsByAttemptId,2024-05-25T17:00:12.086041
getQuestionsByAttemptId,2024-05-25T17:00:12.087040500
getQuestionsByAttemptId,2024-05-25T17:00:12.088041800
getQuestionById,2024-05-25T17:00:12.089041300
getQuestionById,2024-05-25T17:00:12.090040600
getQuestionById,2024-05-25T17:00:12.091041700
getQuestionsByAttemptId,2024-05-25T17:00:12.092040800
getQuestionById,2024-05-25T17:00:12.092040800
getQuestionById,2024-05-25T17:00:12.093040700
getQuestionById,2024-05-25T17:00:12.094041400
getQuestionsByAttemptId,2024-05-25T17:00:12.095042700
getQuestionById,2024-05-25T17:00:12.096042500
getQuestionById,2024-05-25T17:00:12.096042500
getQuestionById,2024-05-25T17:00:12.097041600
getQuestionsByAttemptId,2024-05-25T17:00:12.098042600
getAllQuizAttempts,2024-05-25T17:00:12.098042600
getUserCourses,2024-05-25T17:00:12.100040900
getUserCourses,2024-05-25T17:00:12.101041900
getUserCourses,2024-05-25T17:00:12.102046400
getAllUsers,2024-05-25T17:00:12.102046400
getAllApplications,2024-05-25T17:00:12.103044200
registerUser,2024-05-25T17:00:15.733792900
authenticateUser,2024-05-25T17:00:29.418656700
getAllCourses,2024-05-25T17:02:28.369598500
getQuestionsByQuizId,2024-05-25T17:02:28.416595800
getQuestionsByQuizId,2024-05-25T17:02:28.418596500
getAllQuizzes,2024-05-25T17:02:28.419597600
getAllQuestions,2024-05-25T17:02:28.421214500
getQuestionById,2024-05-25T17:02:28.423215
getQuestionById,2024-05-25T17:02:28.425214700
getQuestionById,2024-05-25T17:02:28.426214800
getQuestionsByAttemptId,2024-05-25T17:02:28.427213900
getQuestionsByAttemptId,2024-05-25T17:02:28.428213300
getQuestionsByAttemptId,2024-05-25T17:02:28.428213300
getQuestionsByAttemptId,2024-05-25T17:02:28.429214600
getQuestionsByAttemptId,2024-05-25T17:02:28.430214400
getQuestionsByAttemptId,2024-05-25T17:02:28.432214500
getQuestionById,2024-05-25T17:02:28.433213700
getQuestionById,2024-05-25T17:02:28.433213700
getQuestionById,2024-05-25T17:02:28.434213400
getQuestionsByAttemptId,2024-05-25T17:02:28.435216
getQuestionById,2024-05-25T17:02:28.436213800
getQuestionById,2024-05-25T17:02:28.437213300
getQuestionById,2024-05-25T17:02:28.437213300
getQuestionsByAttemptId,2024-05-25T17:02:28.438213800
getQuestionById,2024-05-25T17:02:28.439214700
getQuestionById,2024-05-25T17:02:28.440213200
getQuestionById,2024-05-25T17:02:28.440213200
getQuestionsByAttemptId,2024-05-25T17:02:28.441214200
getAllQuizAttempts,2024-05-25T17:02:28.441214200
getUserCourses,2024-05-25T17:02:28.443216400
getUserCourses,2024-05-25T17:02:28.444213400
getUserCourses,2024-05-25T17:02:28.445213500
getAllUsers,2024-05-25T17:02:28.445213500
getAllApplications,2024-05-25T17:02:28.446215600
authenticateUser,2024-05-25T17:02:35.889042100
getQuestionsByAttemptId,2024-05-25T17:02:38.057909600
getQuestionsByAttemptId,2024-05-25T17:02:38.058909900
getQuestionsByAttemptId,2024-05-25T17:02:38.058909900
getQuestionsByAttemptId,2024-05-25T17:02:38.059910500
getQuestionsByAttemptId,2024-05-25T17:02:38.060910400
getQuestionById,2024-05-25T17:02:38.061909500
getQuestionById,2024-05-25T17:02:38.062910300
getQuestionById,2024-05-25T17:02:38.063910900
getQuestionsByAttemptId,2024-05-25T17:02:38.064911500
getQuestionById,2024-05-25T17:02:38.065912500
getQuestionById,2024-05-25T17:02:38.066910700
getQuestionById,2024-05-25T17:02:38.067910100
getQuestionsByAttemptId,2024-05-25T17:02:38.068909700
getQuestionById,2024-05-25T17:02:38.069911800
getQuestionById,2024-05-25T17:02:38.070912400
getQuestionById,2024-05-25T17:02:38.071910600
getQuestionsByAttemptId,2024-05-25T17:02:38.072910700
getQuizAttemptsByUserId,2024-05-25T17:02:38.073909900
getAllCourses,2024-05-25T17:02:42.636609200
getQuestionsByQuizId,2024-05-25T17:02:43.830498200
getQuestionsByQuizId,2024-05-25T17:02:43.831497700
getAllQuizzes,2024-05-25T17:02:43.831497700
getCourseByName,2024-05-25T17:03:07.879752200
getAllCourses,2024-05-27T12:01:42.301255100
getQuestionsByQuizId,2024-05-27T12:01:42.406688600
getQuestionsByQuizId,2024-05-27T12:01:42.406688600
getAllQuizzes,2024-05-27T12:01:42.406688600
getAllQuestions,2024-05-27T12:01:42.415023700
getQuestionById,2024-05-27T12:01:42.415023700
getQuestionById,2024-05-27T12:01:42.423287500
getQuestionById,2024-05-27T12:01:42.423287500
getQuestionsByAttemptId,2024-05-27T12:01:42.431546400
getQuestionsByAttemptId,2024-05-27T12:01:42.431546400
getQuestionsByAttemptId,2024-05-27T12:01:42.431546400
getQuestionsByAttemptId,2024-05-27T12:01:42.431546400
getQuestionsByAttemptId,2024-05-27T12:01:42.431546400
getQuestionsByAttemptId,2024-05-27T12:01:42.439545600
getQuestionById,2024-05-27T12:01:42.439545600
getQuestionById,2024-05-27T12:01:42.439545600
getQuestionById,2024-05-27T12:01:42.447726900
getQuestionsByAttemptId,2024-05-27T12:01:42.447726900
getQuestionById,2024-05-27T12:01:42.447726900
getQuestionById,2024-05-27T12:01:42.447726900
getQuestionById,2024-05-27T12:01:42.456017500
getQuestionsByAttemptId,2024-05-27T12:01:42.456017500
getQuestionById,2024-05-27T12:01:42.456017500
getQuestionById,2024-05-27T12:01:42.456017500
getQuestionById,2024-05-27T12:01:42.464246100
getQuestionsByAttemptId,2024-05-27T12:01:42.464246100
getAllQuizAttempts,2024-05-27T12:01:42.464246100
getUserCourses,2024-05-27T12:01:42.472251400
getUserCourses,2024-05-27T12:01:42.472474300
getUserCourses,2024-05-27T12:01:42.472474300
getAllUsers,2024-05-27T12:01:42.472474300
getAllApplications,2024-05-27T12:01:42.480652700
authenticateUser,2024-05-27T12:01:48.832369300
getCourseByName,2024-05-27T12:01:56.923978600
getAllCourses,2024-05-27T12:02:03.178610300
getCourseByName,2024-05-27T12:02:10.528823
getUserCourses,2024-05-27T12:02:22.172562500
getQuestionsByQuizId,2024-05-27T12:02:25.081848900
getQuizzesByCourseId,2024-05-27T12:02:25.081848900
getAllCourses,2024-05-27T12:05:47.660203100
getQuestionsByQuizId,2024-05-27T12:05:47.757549900
getQuestionsByQuizId,2024-05-27T12:05:47.757549900
getAllQuizzes,2024-05-27T12:05:47.757549900
getAllQuestions,2024-05-27T12:05:47.765776600
getQuestionById,2024-05-27T12:05:47.773942700
getQuestionById,2024-05-27T12:05:47.773942700
getQuestionById,2024-05-27T12:05:47.773942700
getQuestionsByAttemptId,2024-05-27T12:05:47.781944200
getQuestionsByAttemptId,2024-05-27T12:05:47.781944200
getQuestionsByAttemptId,2024-05-27T12:05:47.781944200
getQuestionsByAttemptId,2024-05-27T12:05:47.781944200
getQuestionsByAttemptId,2024-05-27T12:05:47.781944200
getQuestionsByAttemptId,2024-05-27T12:05:47.789943200
getQuestionById,2024-05-27T12:05:47.789943200
getQuestionById,2024-05-27T12:05:47.789943200
getQuestionById,2024-05-27T12:05:47.798163500
getQuestionsByAttemptId,2024-05-27T12:05:47.798163500
getQuestionById,2024-05-27T12:05:47.798163500
getQuestionById,2024-05-27T12:05:47.798163500
getQuestionById,2024-05-27T12:05:47.806315900
getQuestionsByAttemptId,2024-05-27T12:05:47.806315900
getQuestionById,2024-05-27T12:05:47.806315900
getQuestionById,2024-05-27T12:05:47.806315900
getQuestionById,2024-05-27T12:05:47.814505400
getQuestionsByAttemptId,2024-05-27T12:05:47.814505400
getAllQuizAttempts,2024-05-27T12:05:47.814505400
getUserCourses,2024-05-27T12:05:47.814505400
getUserCourses,2024-05-27T12:05:47.822523700
getUserCourses,2024-05-27T12:05:47.822523700
getAllUsers,2024-05-27T12:05:47.822523700
getAllApplications,2024-05-27T12:05:47.822523700
authenticateUser,2024-05-27T12:05:53.159028100
getUserCourses,2024-05-27T12:05:55.333457400
getQuestionsByQuizId,2024-05-27T12:05:56.135075600
getQuizzesByCourseId,2024-05-27T12:05:56.135075600
getQuestionsByQuizId,2024-05-27T12:06:00.856413600
getQuizById,2024-05-27T12:06:00.856413600
addQuizAttempt,2024-05-27T12:06:04.596783900
getQuestionsByAttemptId,2024-05-27T12:06:14.096657
getQuestionsByAttemptId,2024-05-27T12:06:14.104933
getQuestionsByAttemptId,2024-05-27T12:06:14.104933
getQuestionsByAttemptId,2024-05-27T12:06:14.104933
getQuestionsByAttemptId,2024-05-27T12:06:14.104933
getQuestionById,2024-05-27T12:06:14.112939600
getQuestionById,2024-05-27T12:06:14.112939600
getQuestionById,2024-05-27T12:06:14.120939700
getQuestionsByAttemptId,2024-05-27T12:06:14.120939700
getQuestionById,2024-05-27T12:06:14.120939700
getQuestionById,2024-05-27T12:06:14.128938700
getQuestionById,2024-05-27T12:06:14.128938700
getQuestionsByAttemptId,2024-05-27T12:06:14.136946100
getQuestionById,2024-05-27T12:06:14.136946100
getQuestionById,2024-05-27T12:06:14.136946100
getQuestionById,2024-05-27T12:06:14.145166300
getQuestionsByAttemptId,2024-05-27T12:06:14.145166300
getQuestionById,2024-05-27T12:06:14.145166300
getQuestionById,2024-05-27T12:06:14.145166300
getQuestionById,2024-05-27T12:06:14.153176800
getQuestionsByAttemptId,2024-05-27T12:06:14.153176800
getQuizAttemptsByUserId,2024-05-27T12:06:14.153176800
getAllCourses,2024-05-27T12:07:55.593513900
getQuestionsByQuizId,2024-05-27T12:07:55.691260400
getQuestionsByQuizId,2024-05-27T12:07:55.699262100
getAllQuizzes,2024-05-27T12:07:55.699262100
getAllQuestions,2024-05-27T12:07:55.707470200
getQuestionById,2024-05-27T12:07:55.707470200
getQuestionById,2024-05-27T12:07:55.715702300
getQuestionById,2024-05-27T12:07:55.715702300
getQuestionsByAttemptId,2024-05-27T12:07:55.715702300
getQuestionsByAttemptId,2024-05-27T12:07:55.723703700
getQuestionsByAttemptId,2024-05-27T12:07:55.723703700
getQuestionsByAttemptId,2024-05-27T12:07:55.723703700
getQuestionsByAttemptId,2024-05-27T12:07:55.731886600
getQuestionsByAttemptId,2024-05-27T12:07:55.731886600
getQuestionById,2024-05-27T12:07:55.731886600
getQuestionById,2024-05-27T12:07:55.731886600
getQuestionById,2024-05-27T12:07:55.740173800
getQuestionsByAttemptId,2024-05-27T12:07:55.740173800
getQuestionById,2024-05-27T12:07:55.740173800
getQuestionById,2024-05-27T12:07:55.740173800
getQuestionById,2024-05-27T12:07:55.748175900
getQuestionsByAttemptId,2024-05-27T12:07:55.748175900
getQuestionById,2024-05-27T12:07:55.748175900
getQuestionById,2024-05-27T12:07:55.756344200
getQuestionById,2024-05-27T12:07:55.756344200
getQuestionsByAttemptId,2024-05-27T12:07:55.756344200
getQuestionById,2024-05-27T12:07:55.756344200
getQuestionById,2024-05-27T12:07:55.764343400
getQuestionById,2024-05-27T12:07:55.764343400
getQuestionsByAttemptId,2024-05-27T12:07:55.764343400
getAllQuizAttempts,2024-05-27T12:07:55.764343400
getUserCourses,2024-05-27T12:07:55.772534500
getUserCourses,2024-05-27T12:07:55.772534500
getUserCourses,2024-05-27T12:07:55.772534500
getAllUsers,2024-05-27T12:07:55.772534500
getAllApplications,2024-05-27T12:07:55.780708200
authenticateUser,2024-05-27T12:08:01.100482900
getQuestionsByAttemptId,2024-05-27T12:08:03.180375900
getQuestionsByAttemptId,2024-05-27T12:08:03.180375900
getQuestionsByAttemptId,2024-05-27T12:08:03.188382600
getQuestionsByAttemptId,2024-05-27T12:08:03.188382600
getQuestionsByAttemptId,2024-05-27T12:08:03.188382600
getQuestionById,2024-05-27T12:08:03.188382600
getQuestionById,2024-05-27T12:08:03.196610100
getQuestionById,2024-05-27T12:08:03.196610100
getQuestionsByAttemptId,2024-05-27T12:08:03.196610100
getQuestionById,2024-05-27T12:08:03.204616700
getQuestionById,2024-05-27T12:08:03.204616700
getQuestionById,2024-05-27T12:08:03.204616700
getQuestionsByAttemptId,2024-05-27T12:08:03.212623300
getQuestionById,2024-05-27T12:08:03.212623300
getQuestionById,2024-05-27T12:08:03.212623300
getQuestionById,2024-05-27T12:08:03.212623300
getQuestionsByAttemptId,2024-05-27T12:08:03.220615900
getQuestionById,2024-05-27T12:08:03.220615900
getQuestionById,2024-05-27T12:08:03.220615900
getQuestionById,2024-05-27T12:08:03.228614400
getQuestionsByAttemptId,2024-05-27T12:08:03.228614400
getQuizAttemptsByUserId,2024-05-27T12:08:03.228614400
getAllCourses,2024-05-27T12:08:31.378184700
getQuestionsByQuizId,2024-05-27T12:08:31.484480300
getQuestionsByQuizId,2024-05-27T12:08:31.489466900
getAllQuizzes,2024-05-27T12:08:31.489466900
getAllQuestions,2024-05-27T12:08:31.494487
getQuestionById,2024-05-27T12:08:31.500466100
getQuestionById,2024-05-27T12:08:31.503468100
getQuestionById,2024-05-27T12:08:31.506465500
getQuestionsByAttemptId,2024-05-27T12:08:31.508467
getQuestionsByAttemptId,2024-05-27T12:08:31.510469100
getQuestionsByAttemptId,2024-05-27T12:08:31.513467800
getQuestionsByAttemptId,2024-05-27T12:08:31.514465400
getQuestionsByAttemptId,2024-05-27T12:08:31.517467
getQuestionsByAttemptId,2024-05-27T12:08:31.519484900
getQuestionById,2024-05-27T12:08:31.521466100
getQuestionById,2024-05-27T12:08:31.523466800
getQuestionById,2024-05-27T12:08:31.527465
getQuestionsByAttemptId,2024-05-27T12:08:31.529486100
getQuestionById,2024-05-27T12:08:31.531466600
getQuestionById,2024-05-27T12:08:31.533473700
getQuestionById,2024-05-27T12:08:31.536466700
getQuestionsByAttemptId,2024-05-27T12:08:31.538486200
getQuestionById,2024-05-27T12:08:31.541486300
getQuestionById,2024-05-27T12:08:31.543486300
getQuestionById,2024-05-27T12:08:31.546472900
getQuestionsByAttemptId,2024-05-27T12:08:31.548467300
getQuestionById,2024-05-27T12:08:31.550467800
getQuestionById,2024-05-27T12:08:31.552466300
getQuestionById,2024-05-27T12:08:31.554463700
getQuestionsByAttemptId,2024-05-27T12:08:31.556466800
getAllQuizAttempts,2024-05-27T12:08:31.557463100
getUserCourses,2024-05-27T12:08:31.561468900
getUserCourses,2024-05-27T12:08:31.565247900
getUserCourses,2024-05-27T12:08:31.566776
getAllUsers,2024-05-27T12:08:31.566776
getAllApplications,2024-05-27T12:08:31.569776
authenticateUser,2024-05-27T12:08:39.558700800
getAllCourses,2024-05-27T12:08:44.713505400
getUserCourses,2024-05-27T12:08:49.062001200
getQuestionsByQuizId,2024-05-27T12:08:53.510073800
getQuizzesByCourseId,2024-05-27T12:08:53.510073800
getQuestionsByQuizId,2024-05-27T12:09:01.347316900
getQuizById,2024-05-27T12:09:01.348315700
addQuizAttempt,2024-05-27T12:09:07.763442300
getQuestionsByAttemptId,2024-05-27T12:09:13.763331100
getQuestionsByAttemptId,2024-05-27T12:09:13.771601700
getQuestionsByAttemptId,2024-05-27T12:09:13.771601700
getQuestionsByAttemptId,2024-05-27T12:09:13.771601700
getQuestionsByAttemptId,2024-05-27T12:09:13.771601700
getQuestionById,2024-05-27T12:09:13.779877
getQuestionById,2024-05-27T12:09:13.779877
getQuestionById,2024-05-27T12:09:13.779877
getQuestionsByAttemptId,2024-05-27T12:09:13.779877
getQuestionById,2024-05-27T12:09:13.787881900
getQuestionById,2024-05-27T12:09:13.787881900
getQuestionById,2024-05-27T12:09:13.787881900
getQuestionsByAttemptId,2024-05-27T12:09:13.795885400
getQuestionById,2024-05-27T12:09:13.795885400
getQuestionById,2024-05-27T12:09:13.795885400
getQuestionById,2024-05-27T12:09:13.803881300
getQuestionsByAttemptId,2024-05-27T12:09:13.803881300
getQuestionById,2024-05-27T12:09:13.803881300
getQuestionById,2024-05-27T12:09:13.803881300
getQuestionById,2024-05-27T12:09:13.812051500
getQuestionsByAttemptId,2024-05-27T12:09:13.812051500
getQuestionById,2024-05-27T12:09:13.812051500
getQuestionById,2024-05-27T12:09:13.812051500
getQuestionById,2024-05-27T12:09:13.820320500
getQuestionsByAttemptId,2024-05-27T12:09:13.820320500
getQuizAttemptsByUserId,2024-05-27T12:09:13.820320500
getCourseByName,2024-05-27T12:09:27.218241600
getQuestionsByQuizId,2024-05-27T12:09:36.267331400
getQuestionsByQuizId,2024-05-27T12:09:36.275541500
getAllQuizzes,2024-05-27T12:09:36.275541500
getAllCourses,2024-05-27T12:53:21.751201700
getQuestionsByQuizId,2024-05-27T12:53:21.797201500
getQuestionsByQuizId,2024-05-27T12:53:21.799204500
getAllQuizzes,2024-05-27T12:53:21.799204500
getAllQuestions,2024-05-27T12:53:21.801202200
getQuestionById,2024-05-27T12:53:21.804201600
getQuestionById,2024-05-27T12:53:21.805201400
getQuestionById,2024-05-27T12:53:21.806201300
getQuestionsByAttemptId,2024-05-27T12:53:21.807202800
getQuestionsByAttemptId,2024-05-27T12:53:21.808200700
getQuestionsByAttemptId,2024-05-27T12:53:21.809201400
getQuestionsByAttemptId,2024-05-27T12:53:21.809201400
getQuestionsByAttemptId,2024-05-27T12:53:21.810200700
getQuestionsByAttemptId,2024-05-27T12:53:21.811205400
getQuestionById,2024-05-27T12:53:21.812202
getQuestionById,2024-05-27T12:53:21.813200700
getQuestionById,2024-05-27T12:53:21.813200700
getQuestionsByAttemptId,2024-05-27T12:53:21.814200800
getQuestionById,2024-05-27T12:53:21.815201500
getQuestionById,2024-05-27T12:53:21.816202
getQuestionById,2024-05-27T12:53:21.817199900
getQuestionsByAttemptId,2024-05-27T12:53:21.818200900
getQuestionById,2024-05-27T12:53:21.818200900
getQuestionById,2024-05-27T12:53:21.819200700
getQuestionById,2024-05-27T12:53:21.820200600
getQuestionsByAttemptId,2024-05-27T12:53:21.821200800
getQuestionById,2024-05-27T12:53:21.821200800
getQuestionById,2024-05-27T12:53:21.822200600
getQuestionById,2024-05-27T12:53:21.823205800
getQuestionsByAttemptId,2024-05-27T12:53:21.824204
getQuestionById,2024-05-27T12:53:21.824204
getQuestionById,2024-05-27T12:53:21.825201700
getQuestionById,2024-05-27T12:53:21.826204
getQuestionsByAttemptId,2024-05-27T12:53:21.827203300
getAllQuizAttempts,2024-05-27T12:53:21.827203300
getUserCourses,2024-05-27T12:53:21.828203400
getUserCourses,2024-05-27T12:53:21.830203400
getUserCourses,2024-05-27T12:53:21.830203400
getAllUsers,2024-05-27T12:53:21.831203300
getAllApplications,2024-05-27T12:53:21.832204
authenticateUser,2024-05-27T12:53:28.548750900
getQuestionsByAttemptId,2024-05-27T12:53:34.522989600
getQuestionsByAttemptId,2024-05-27T12:53:34.523991100
getQuestionsByAttemptId,2024-05-27T12:53:34.523991100
getQuestionsByAttemptId,2024-05-27T12:53:34.524989700
getQuestionsByAttemptId,2024-05-27T12:53:34.525990600
getQuestionById,2024-05-27T12:53:34.526990
getQuestionById,2024-05-27T12:53:34.527990
getQuestionById,2024-05-27T12:53:34.528989800
getQuestionsByAttemptId,2024-05-27T12:53:34.528989800
getQuestionById,2024-05-27T12:53:34.529989800
getQuestionById,2024-05-27T12:53:34.530989900
getQuestionById,2024-05-27T12:53:34.531991600
getQuestionsByAttemptId,2024-05-27T12:53:34.532989500
getQuestionById,2024-05-27T12:53:34.533993
getQuestionById,2024-05-27T12:53:34.534990100
getQuestionById,2024-05-27T12:53:34.535999900
getQuestionsByAttemptId,2024-05-27T12:53:34.537991900
getQuestionById,2024-05-27T12:53:34.538992300
getQuestionById,2024-05-27T12:53:34.539989900
getQuestionById,2024-05-27T12:53:34.540990
getQuestionsByAttemptId,2024-05-27T12:53:34.541989400
getQuestionById,2024-05-27T12:53:34.541989400
getQuestionById,2024-05-27T12:53:34.542989200
getQuestionById,2024-05-27T12:53:34.543989500
getQuestionsByAttemptId,2024-05-27T12:53:34.543989500
getQuizAttemptsByUserId,2024-05-27T12:53:34.544989300
getAllCourses,2024-05-27T12:53:36.320632600
getQuestionsByQuizId,2024-05-27T12:53:37.130148600
getQuestionsByQuizId,2024-05-27T12:53:37.131150900
getAllQuizzes,2024-05-27T12:53:37.131150900
getCourseByName,2024-05-27T12:53:46.832233800
getAllCourses,2024-05-27T12:55:11.638575700
getQuestionsByQuizId,2024-05-27T12:55:11.682572800
getQuestionsByQuizId,2024-05-27T12:55:11.684572700
getAllQuizzes,2024-05-27T12:55:11.684572700
getAllQuestions,2024-05-27T12:55:11.686573900
getQuestionById,2024-05-27T12:55:11.689572400
getQuestionById,2024-05-27T12:55:11.690572900
getQuestionById,2024-05-27T12:55:11.691573200
getQuestionsByAttemptId,2024-05-27T12:55:11.692573300
getQuestionsByAttemptId,2024-05-27T12:55:11.692573300
getQuestionsByAttemptId,2024-05-27T12:55:11.693573600
getQuestionsByAttemptId,2024-05-27T12:55:11.694651
getQuestionsByAttemptId,2024-05-27T12:55:11.695653500
getQuestionsByAttemptId,2024-05-27T12:55:11.696654100
getQuestionById,2024-05-27T12:55:11.697652
getQuestionById,2024-05-27T12:55:11.698652200
getQuestionById,2024-05-27T12:55:11.699652200
getQuestionsByAttemptId,2024-05-27T12:55:11.699652200
getQuestionById,2024-05-27T12:55:11.700652400
getQuestionById,2024-05-27T12:55:11.701653800
getQuestionById,2024-05-27T12:55:11.702652
getQuestionsByAttemptId,2024-05-27T12:55:11.703652500
getQuestionById,2024-05-27T12:55:11.703652500
getQuestionById,2024-05-27T12:55:11.704652400
getQuestionById,2024-05-27T12:55:11.705652100
getQuestionsByAttemptId,2024-05-27T12:55:11.706652400
getQuestionById,2024-05-27T12:55:11.706652400
getQuestionById,2024-05-27T12:55:11.707655100
getQuestionById,2024-05-27T12:55:11.708654400
getQuestionsByAttemptId,2024-05-27T12:55:11.709654700
getQuestionById,2024-05-27T12:55:11.709654700
getQuestionById,2024-05-27T12:55:11.710654400
getQuestionById,2024-05-27T12:55:11.711653600
getQuestionsByAttemptId,2024-05-27T12:55:11.712655400
getAllQuizAttempts,2024-05-27T12:55:11.712655400
getUserCourses,2024-05-27T12:55:11.714655600
getUserCourses,2024-05-27T12:55:11.716654900
getUserCourses,2024-05-27T12:55:11.716654900
getAllUsers,2024-05-27T12:55:11.717653300
getAllApplications,2024-05-27T12:55:11.718652100
authenticateUser,2024-05-27T12:55:18.048078500
getQuestionsByAttemptId,2024-05-27T12:55:19.694254500
getQuestionsByAttemptId,2024-05-27T12:55:19.695256600
getQuestionsByAttemptId,2024-05-27T12:55:19.696255200
getQuestionsByAttemptId,2024-05-27T12:55:19.696255200
getQuestionsByAttemptId,2024-05-27T12:55:19.697258100
getQuestionById,2024-05-27T12:55:19.698257300
getQuestionById,2024-05-27T12:55:19.699256800
getQuestionById,2024-05-27T12:55:19.700256200
getQuestionsByAttemptId,2024-05-27T12:55:19.701258
getQuestionById,2024-05-27T12:55:19.702256300
getQuestionById,2024-05-27T12:55:19.703256800
getQuestionById,2024-05-27T12:55:19.704367100
getQuestionsByAttemptId,2024-05-27T12:55:19.705368100
getQuestionById,2024-05-27T12:55:19.706370300
getQuestionById,2024-05-27T12:55:19.707370100
getQuestionById,2024-05-27T12:55:19.708370600
getQuestionsByAttemptId,2024-05-27T12:55:19.709369900
getQuestionById,2024-05-27T12:55:19.710368900
getQuestionById,2024-05-27T12:55:19.711370300
getQuestionById,2024-05-27T12:55:19.712368200
getQuestionsByAttemptId,2024-05-27T12:55:19.713371
getQuestionById,2024-05-27T12:55:19.714466100
getQuestionById,2024-05-27T12:55:19.715466800
getQuestionById,2024-05-27T12:55:19.716467
getQuestionsByAttemptId,2024-05-27T12:55:19.716467
getQuizAttemptsByUserId,2024-05-27T12:55:19.716467
getAllCourses,2024-05-27T12:55:20.149075900
getQuestionsByQuizId,2024-05-27T12:55:20.417471800
getQuestionsByQuizId,2024-05-27T12:55:20.418473200
getAllQuizzes,2024-05-27T12:55:20.418473200
getAllCourses,2024-05-27T12:56:09.335629300
getQuestionsByQuizId,2024-05-27T12:56:09.432267500
getQuestionsByQuizId,2024-05-27T12:56:09.432267500
getAllQuizzes,2024-05-27T12:56:09.440360600
getAllQuestions,2024-05-27T12:56:09.440999700
getQuestionById,2024-05-27T12:56:09.449000800
getQuestionById,2024-05-27T12:56:09.449000800
getQuestionById,2024-05-27T12:56:09.457
getQuestionsByAttemptId,2024-05-27T12:56:09.457
getQuestionsByAttemptId,2024-05-27T12:56:09.457
getQuestionsByAttemptId,2024-05-27T12:56:09.457
getQuestionsByAttemptId,2024-05-27T12:56:09.465003600
getQuestionsByAttemptId,2024-05-27T12:56:09.465003600
getQuestionsByAttemptId,2024-05-27T12:56:09.465003600
getQuestionById,2024-05-27T12:56:09.465003600
getQuestionById,2024-05-27T12:56:09.465003600
getQuestionById,2024-05-27T12:56:09.473007600
getQuestionsByAttemptId,2024-05-27T12:56:09.473007600
getQuestionById,2024-05-27T12:56:09.473007600
getQuestionById,2024-05-27T12:56:09.481188400
getQuestionById,2024-05-27T12:56:09.481188400
getQuestionsByAttemptId,2024-05-27T12:56:09.481188400
getQuestionById,2024-05-27T12:56:09.481188400
getQuestionById,2024-05-27T12:56:09.481188400
getQuestionById,2024-05-27T12:56:09.489361700
getQuestionsByAttemptId,2024-05-27T12:56:09.489361700
getQuestionById,2024-05-27T12:56:09.489361700
getQuestionById,2024-05-27T12:56:09.497558600
getQuestionById,2024-05-27T12:56:09.497558600
getQuestionsByAttemptId,2024-05-27T12:56:09.497558600
getQuestionById,2024-05-27T12:56:09.497558600
getQuestionById,2024-05-27T12:56:09.505819600
getQuestionById,2024-05-27T12:56:09.505819600
getQuestionsByAttemptId,2024-05-27T12:56:09.505819600
getAllQuizAttempts,2024-05-27T12:56:09.505819600
getUserCourses,2024-05-27T12:56:09.514047300
getUserCourses,2024-05-27T12:56:09.514047300
getUserCourses,2024-05-27T12:56:09.514047300
getAllUsers,2024-05-27T12:56:09.514047300
getAllApplications,2024-05-27T12:56:09.514047300
authenticateUser,2024-05-27T12:56:13.997236100
getQuestionsByAttemptId,2024-05-27T12:56:15.635446
getQuestionsByAttemptId,2024-05-27T12:56:15.635446
getQuestionsByAttemptId,2024-05-27T12:56:15.643468600
getQuestionsByAttemptId,2024-05-27T12:56:15.643468600
getQuestionsByAttemptId,2024-05-27T12:56:15.643468600
getQuestionById,2024-05-27T12:56:15.643468600
getQuestionById,2024-05-27T12:56:15.651536400
getQuestionById,2024-05-27T12:56:15.656476300
getQuestionsByAttemptId,2024-05-27T12:56:15.656476300
getQuestionById,2024-05-27T12:56:15.656476300
getQuestionById,2024-05-27T12:56:15.656476300
getQuestionById,2024-05-27T12:56:15.664486600
getQuestionsByAttemptId,2024-05-27T12:56:15.664486600
getQuestionById,2024-05-27T12:56:15.672487600
getQuestionById,2024-05-27T12:56:15.672487600
getQuestionById,2024-05-27T12:56:15.672487600
getQuestionsByAttemptId,2024-05-27T12:56:15.672487600
getQuestionById,2024-05-27T12:56:15.680716500
getQuestionById,2024-05-27T12:56:15.680716500
getQuestionById,2024-05-27T12:56:15.680716500
getQuestionsByAttemptId,2024-05-27T12:56:15.688741900
getQuestionById,2024-05-27T12:56:15.688741900
getQuestionById,2024-05-27T12:56:15.688741900
getQuestionById,2024-05-27T12:56:15.688741900
getQuestionsByAttemptId,2024-05-27T12:56:15.696987600
getQuizAttemptsByUserId,2024-05-27T12:56:15.696987600
getAllCourses,2024-05-27T12:56:16.179532700
getQuestionsByQuizId,2024-05-27T12:56:17.211684200
getQuestionsByQuizId,2024-05-27T12:56:17.211684200
getAllQuizzes,2024-05-27T12:56:17.211684200
authenticateUser,2024-05-27T12:56:24.862649800
getQuestionsByAttemptId,2024-05-27T12:56:25.950919300
getQuestionsByAttemptId,2024-05-27T12:56:25.950919300
getQuestionsByAttemptId,2024-05-27T12:56:25.950919300
getQuestionsByAttemptId,2024-05-27T12:56:25.950919300
getQuestionsByAttemptId,2024-05-27T12:56:25.959293500
getQuestionById,2024-05-27T12:56:25.959293500
getQuestionById,2024-05-27T12:56:25.959293500
getQuestionById,2024-05-27T12:56:25.959293500
getQuestionsByAttemptId,2024-05-27T12:56:25.967300100
getQuestionById,2024-05-27T12:56:25.967300100
getQuestionById,2024-05-27T12:56:25.967300100
getQuestionById,2024-05-27T12:56:25.975580200
getQuestionsByAttemptId,2024-05-27T12:56:25.975580200
getQuestionById,2024-05-27T12:56:25.975580200
getQuestionById,2024-05-27T12:56:25.983591100
getQuestionById,2024-05-27T12:56:25.983591100
getQuestionsByAttemptId,2024-05-27T12:56:25.983591100
getQuestionById,2024-05-27T12:56:25.983591100
getQuestionById,2024-05-27T12:56:25.983591100
getQuestionById,2024-05-27T12:56:25.991585300
getQuestionsByAttemptId,2024-05-27T12:56:25.991585300
getQuestionById,2024-05-27T12:56:25.991585300
getQuestionById,2024-05-27T12:56:25.991585300
getQuestionById,2024-05-27T12:56:25.999588700
getQuestionsByAttemptId,2024-05-27T12:56:26.007825
getQuizAttemptsByUserId,2024-05-27T12:56:26.007825
getQuestionsByAttemptId,2024-05-27T12:56:30.102711500
getQuestionsByAttemptId,2024-05-27T12:56:30.102711500
getQuestionsByAttemptId,2024-05-27T12:56:30.110916300
getQuestionsByAttemptId,2024-05-27T12:56:30.110916300
getQuestionsByAttemptId,2024-05-27T12:56:30.110916300
getQuestionById,2024-05-27T12:56:30.110916300
getQuestionById,2024-05-27T12:56:30.110916300
getQuestionById,2024-05-27T12:56:30.110916300
getQuestionsByAttemptId,2024-05-27T12:56:30.119366200
getQuestionById,2024-05-27T12:56:30.119366200
getQuestionById,2024-05-27T12:56:30.119366200
getQuestionById,2024-05-27T12:56:30.127378100
getQuestionsByAttemptId,2024-05-27T12:56:30.127378100
getQuestionById,2024-05-27T12:56:30.127378100
getQuestionById,2024-05-27T12:56:30.127378100
getQuestionById,2024-05-27T12:56:30.136483500
getQuestionsByAttemptId,2024-05-27T12:56:30.138174500
getQuestionById,2024-05-27T12:56:30.138174500
getQuestionById,2024-05-27T12:56:30.146197300
getQuestionById,2024-05-27T12:56:30.146197300
getQuestionsByAttemptId,2024-05-27T12:56:30.146197300
getQuestionById,2024-05-27T12:56:30.146197300
getQuestionById,2024-05-27T12:56:30.146197300
getQuestionById,2024-05-27T12:56:30.154173100
getQuestionsByAttemptId,2024-05-27T12:56:30.154173100
getQuizAttemptsByUserId,2024-05-27T12:56:30.154173100
getAllCourses,2024-05-27T12:59:22.051395
getQuestionsByQuizId,2024-05-27T12:59:22.149280900
getQuestionsByQuizId,2024-05-27T12:59:22.149280900
getAllQuizzes,2024-05-27T12:59:22.149280900
getAllQuestions,2024-05-27T12:59:22.157448200
getQuestionById,2024-05-27T12:59:22.165648100
getQuestionById,2024-05-27T12:59:22.165648100
getQuestionById,2024-05-27T12:59:22.173650700
getQuestionsByAttemptId,2024-05-27T12:59:22.173650700
getQuestionsByAttemptId,2024-05-27T12:59:22.173650700
getQuestionsByAttemptId,2024-05-27T12:59:22.181671200
getQuestionsByAttemptId,2024-05-27T12:59:22.181671200
getQuestionsByAttemptId,2024-05-27T12:59:22.181671200
getQuestionsByAttemptId,2024-05-27T12:59:22.181671200
getQuestionById,2024-05-27T12:59:22.189844600
getQuestionById,2024-05-27T12:59:22.189844600
getQuestionById,2024-05-27T12:59:22.189844600
getQuestionsByAttemptId,2024-05-27T12:59:22.198046200
getQuestionById,2024-05-27T12:59:22.198046200
getQuestionById,2024-05-27T12:59:22.198046200
getQuestionById,2024-05-27T12:59:22.198046200
getQuestionsByAttemptId,2024-05-27T12:59:22.206237600
getQuestionById,2024-05-27T12:59:22.206237600
getQuestionById,2024-05-27T12:59:22.206237600
getQuestionById,2024-05-27T12:59:22.214328200
getQuestionsByAttemptId,2024-05-27T12:59:22.214414300
getQuestionById,2024-05-27T12:59:22.214414300
getQuestionById,2024-05-27T12:59:22.214414300
getQuestionById,2024-05-27T12:59:22.222415800
getQuestionsByAttemptId,2024-05-27T12:59:22.222415800
getQuestionById,2024-05-27T12:59:22.222415800
getQuestionById,2024-05-27T12:59:22.222415800
getQuestionById,2024-05-27T12:59:22.230608600
getQuestionsByAttemptId,2024-05-27T12:59:22.230608600
getAllQuizAttempts,2024-05-27T12:59:22.230608600
getUserCourses,2024-05-27T12:59:22.238803100
getUserCourses,2024-05-27T12:59:22.238803100
getUserCourses,2024-05-27T12:59:22.238803100
getAllUsers,2024-05-27T12:59:22.238803100
getAllApplications,2024-05-27T12:59:22.246810500
authenticateUser,2024-05-27T12:59:29.951398600
getQuestionsByAttemptId,2024-05-27T12:59:32.257572600
getQuestionsByAttemptId,2024-05-27T12:59:32.257572600
getQuestionsByAttemptId,2024-05-27T12:59:32.257572600
getQuestionsByAttemptId,2024-05-27T12:59:32.257572600
getQuestionsByAttemptId,2024-05-27T12:59:32.265751200
getQuestionById,2024-05-27T12:59:32.265751200
getQuestionById,2024-05-27T12:59:32.265751200
getQuestionById,2024-05-27T12:59:32.273763300
getQuestionsByAttemptId,2024-05-27T12:59:32.273763300
getQuestionById,2024-05-27T12:59:32.273763300
getQuestionById,2024-05-27T12:59:32.281757100
getQuestionById,2024-05-27T12:59:32.281757100
getQuestionsByAttemptId,2024-05-27T12:59:32.281757100
getQuestionById,2024-05-27T12:59:32.289759800
getQuestionById,2024-05-27T12:59:32.289759800
getQuestionById,2024-05-27T12:59:32.297979100
getQuestionsByAttemptId,2024-05-27T12:59:32.297979100
getQuestionById,2024-05-27T12:59:32.297979100
getQuestionById,2024-05-27T12:59:32.297979100
getQuestionById,2024-05-27T12:59:32.305994
getQuestionsByAttemptId,2024-05-27T12:59:32.305994
getQuestionById,2024-05-27T12:59:32.305994
getQuestionById,2024-05-27T12:59:32.313990500
getQuestionById,2024-05-27T12:59:32.313990500
getQuestionsByAttemptId,2024-05-27T12:59:32.313990500
getQuizAttemptsByUserId,2024-05-27T12:59:32.313990500
getQuestionsByQuizId,2024-05-27T13:00:53.401508800
getQuestionsByQuizId,2024-05-27T13:00:53.401508800
getAllQuizzes,2024-05-27T13:00:53.401508800
getAllCourses,2024-05-27T13:01:27.052637300
getQuestionsByQuizId,2024-05-27T13:01:27.161675600
getQuestionsByQuizId,2024-05-27T13:01:27.161675600
getAllQuizzes,2024-05-27T13:01:27.161675600
getAllQuestions,2024-05-27T13:01:27.169841
getQuestionById,2024-05-27T13:01:27.177851400
getQuestionById,2024-05-27T13:01:27.177851400
getQuestionById,2024-05-27T13:01:27.177851400
getQuestionsByAttemptId,2024-05-27T13:01:27.185850900
getQuestionsByAttemptId,2024-05-27T13:01:27.186608200
getQuestionsByAttemptId,2024-05-27T13:01:27.194626400
getQuestionsByAttemptId,2024-05-27T13:01:27.194626400
getQuestionsByAttemptId,2024-05-27T13:01:27.194626400
getQuestionsByAttemptId,2024-05-27T13:01:27.194626400
getQuestionById,2024-05-27T13:01:27.202625100
getQuestionById,2024-05-27T13:01:27.202625100
getQuestionById,2024-05-27T13:01:27.202625100
getQuestionsByAttemptId,2024-05-27T13:01:27.202625100
getQuestionById,2024-05-27T13:01:27.210850800
getQuestionById,2024-05-27T13:01:27.210850800
getQuestionById,2024-05-27T13:01:27.210850800
getQuestionsByAttemptId,2024-05-27T13:01:27.210850800
getQuestionById,2024-05-27T13:01:27.219030
getQuestionById,2024-05-27T13:01:27.219030
getQuestionById,2024-05-27T13:01:27.219030
getQuestionsByAttemptId,2024-05-27T13:01:27.219030
getQuestionById,2024-05-27T13:01:27.227031600
getQuestionById,2024-05-27T13:01:27.227031600
getQuestionById,2024-05-27T13:01:27.227031600
getQuestionsByAttemptId,2024-05-27T13:01:27.235037
getQuestionById,2024-05-27T13:01:27.235195200
getQuestionById,2024-05-27T13:01:27.235195200
getQuestionById,2024-05-27T13:01:27.235195200
getQuestionsByAttemptId,2024-05-27T13:01:27.235195200
getAllQuizAttempts,2024-05-27T13:01:27.243201500
getUserCourses,2024-05-27T13:01:27.243201500
getUserCourses,2024-05-27T13:01:27.243201500
getUserCourses,2024-05-27T13:01:27.251375600
getAllUsers,2024-05-27T13:01:27.251375600
getAllApplications,2024-05-27T13:01:27.251375600
authenticateUser,2024-05-27T13:01:33.161664400
getQuestionsByAttemptId,2024-05-27T13:01:35.433672900
getQuestionsByAttemptId,2024-05-27T13:01:35.433672900
getQuestionsByAttemptId,2024-05-27T13:01:35.441655600
getQuestionsByAttemptId,2024-05-27T13:01:35.441655600
getQuestionsByAttemptId,2024-05-27T13:01:35.441655600
getQuestionById,2024-05-27T13:01:35.441655600
getQuestionById,2024-05-27T13:01:35.449849300
getQuestionById,2024-05-27T13:01:35.449849300
getQuestionsByAttemptId,2024-05-27T13:01:35.449849300
getQuestionById,2024-05-27T13:01:35.449849300
getQuestionById,2024-05-27T13:01:35.457871700
getQuestionById,2024-05-27T13:01:35.457871700
getQuestionsByAttemptId,2024-05-27T13:01:35.457871700
getQuestionById,2024-05-27T13:01:35.466181300
getQuestionById,2024-05-27T13:01:35.466181300
getQuestionById,2024-05-27T13:01:35.466181300
getQuestionsByAttemptId,2024-05-27T13:01:35.474436900
getQuestionById,2024-05-27T13:01:35.474436900
getQuestionById,2024-05-27T13:01:35.474436900
getQuestionById,2024-05-27T13:01:35.474436900
getQuestionsByAttemptId,2024-05-27T13:01:35.482460
getQuestionById,2024-05-27T13:01:35.482460
getQuestionById,2024-05-27T13:01:35.482460
getQuestionById,2024-05-27T13:01:35.482460
getQuestionsByAttemptId,2024-05-27T13:01:35.490672800
getQuizAttemptsByUserId,2024-05-27T13:01:35.490672800
getQuestionsByQuizId,2024-05-27T13:01:37.388804100
getQuestionsByQuizId,2024-05-27T13:01:37.397000400
getAllQuizzes,2024-05-27T13:01:37.397000400
